punct,count,first(_raw)
__:_:___...:_-__(...:),126,Unhandled rejection RequestError: Error: connect ENETUNREACH 23.72.254.102:443 - Local (0.0.0.0:0)
__:_:___...:_-__(...:)_______(//////--//.::)_____.,131,"Unhandled rejection RequestError: Error: connect ENETUNREACH 23.72.254.102:443 - Local (0.0.0.0:0)
    at new RequestError (/usr/nodejs/digital_product_ui/package/node_modules/request-promise-core/lib/errors.js:14:15)
    at Request.plumbing.callback (/usr/nodejs/digital_product_ui/package/node_modules/request-promise-core/lib/plumbing.js:87:29)
    at Request.RP$callback [as _callback] (/usr/nodejs/digital_product_ui/package/node_modules/request-promise-core/lib/plumbing.js:46:31)
    at self.callback (/usr/nodejs/digital_product_ui/package/node_modules/request/request.js:185:22)
    at Object.f.dynatraceRegularInvoke [as doInvoke] (/www/apps/dynatrace/dynatrace_oneagent/agent/bin/1.139.241.20180420-095325/any/node/nodejsagent.js:8475:20)
    at Object.d.safeInvoke (/www/apps/dynatrace/dynatrace_oneagent/agent/bin/1.139.241.20180420-095325/any/node/nodejsagent.js:8550:29)
    at Request.<anonymous> (/www/apps/dynatrace/dynatrace_oneagent/agent/bin/1.139.241.20180420-095325/any/node/nodejsagent.js:3920:19)
    at emitOne (events.js:121:20)
    at Request.emit (events.js:211:7)
    at Request.onRequestError (/usr/nodejs/digital_product_ui/package/node_modules/request/request.js:881:8)
    at Object.f.dynatraceRegularInvoke [as doInvoke] (/www/apps/dynatrace/dynatrace_oneagent/agent/bin/1.139.241.20180420-095325/any/node/nodejsagent.js:8475:20)
    at Object.d.safeInvoke (/www/apps/dynatrace/dynatrace_oneagent/agent/bin/1.139.241.20180420-095325/any/node/nodejsagent.js:8550:29)
    at ClientRequest.<anonymous> (/www/apps/dynatrace/dynatrace_oneagent/agent/bin/1.139.241.20180420-095325/any/node/nodejsagent.js:3920:19)
    at emitOne (events.js:121:20)
    at ClientRequest.emit (events.js:211:7)
    at TLSSocket.socketErrorListener (_http_client.js:387:9)
    at Object.f.dynatraceOnServiceExecutionIndicator (/www/apps/dynatrace/dynatrace_oneagent/agent/bin/1.139.241.20180420-095325/any/node/nodejsagent.js:8494:20)
    at Object.d.safeInvoke (/www/apps/dynatrace/dynatrace_oneagent/agent/bin/1.139.241.20180420-095325/any/node/nodejsagent.js:8550:29)
    at TLSSocket.<anonymous> (/www/apps/dynatrace/dynatrace_oneagent/agent/bin/1.139.241.20180420-095325/any/node/nodejsagent.js:3920:19)
    at emitOne (events.js:116:13)
    at TLSSocket.emit (events.js:211:7)
    at emitErrorNT (internal/streams/destroy.js:64:8)
Unhandled rejection RequestError: Error: connect ENETUNREACH 23.72.254.102:443 - Local (0.0.0.0:0)
    at new RequestError (/usr/nodejs/digital_product_ui/package/node_modules/request-promise-core/lib/errors.js:14:15)
    at Request.plumbing.callback (/usr/nodejs/digital_product_ui/package/node_modules/request-promise-core/lib/plumbing.js:87:29)
    at Request.RP$callback [as _callback] (/usr/nodejs/digital_product_ui/package/node_modules/request-promise-core/lib/plumbing.js:46:31)
    at self.callback (/usr/nodejs/digital_product_ui/package/node_modules/request/request.js:185:22)
    at Object.f.dynatraceRegularInvoke [as doInvoke] (/www/apps/dynatrace/dynatrace_oneagent/agent/bin/1.139.241.20180420-095325/any/node/nodejsagent.js:8475:20)
    at Object.d.safeInvoke (/www/apps/dynatrace/dynatrace_oneagent/agent/bin/1.139.241.20180420-095325/any/node/nodejsagent.js:8550:29)
    at Request.<anonymous> (/www/apps/dynatrace/dynatrace_oneagent/agent/bin/1.139.241.20180420-095325/any/node/nodejsagent.js:3920:19)
    at emitOne (events.js:121:20)
    at Request.emit (events.js:211:7)
    at Request.onRequestError (/usr/nodejs/digital_product_ui/package/node_modules/request/request.js:881:8)
    at Object.f.dynatraceRegularInvoke [as doInvoke] (/www/apps/dynatrace/dynatrace_oneagent/agent/bin/1.139.241.20180420-095325/any/node/nodejsagent.js:8475:20)
    at Object.d.safeInvoke (/www/apps/dynatrace/dynatrace_oneagent/agent/bin/1.139.241.20180420-095325/any/node/nodejsagent.js:8550:29)
    at ClientRequest.<anonymous> (/www/apps/dynatrace/dynatrace_oneagent/agent/bin/1.139.241.20180420-095325/any/node/nodejsagent.js:3920:19)
    at emitOne (events.js:121:20)
    at ClientRequest.emit (events.js:211:7)
    at TLSSocket.socketErrorListener (_http_client.js:387:9)
    at Object.f.dynatraceOnServiceExecutionIndicator (/www/apps/dynatrace/dynatrace_oneagent/agent/bin/1.139.241.20180420-095325/any/node/nodejsagent.js:8494:20)
    at Object.d.safeInvoke (/www/apps/dynatrace/dynatrace_oneagent/agent/bin/1.139.241.20180420-095325/any/node/nodejsagent.js:8550:29)
    at TLSSocket.<anonymous> (/www/apps/dynatrace/dynatrace_oneagent/agent/bin/1.139.241.20180420-095325/any/node/nodejsagent.js:3920:19)
    at emitOne (events.js:116:13)
    at TLSSocket.emit (events.js:211:7)
    at emitErrorNT (internal/streams/destroy.js:64:8)
Unhandled rejection RequestError: Error: connect ENETUNREACH 23.72.254.102:443 - Local (0.0.0.0:0)
    at new RequestError (/usr/nodejs/digital_product_ui/package/node_modules/request-promise-core/lib/errors.js:14:15)
    at Request.plumbing.callback (/usr/nodejs/digital_product_ui/package/node_modules/request-promise-core/lib/plumbing.js:87:29)
    at Request.RP$callback [as _callback] (/usr/nodejs/digital_product_ui/package/node_modules/request-promise-core/lib/plumbing.js:46:31)
    at self.callback (/usr/nodejs/digital_product_ui/package/node_modules/request/request.js:185:22)
    at Object.f.dynatraceRegularInvoke [as doInvoke] (/www/apps/dynatrace/dynatrace_oneagent/agent/bin/1.139.241.20180420-095325/any/node/nodejsagent.js:8475:20)
    at Object.d.safeInvoke (/www/apps/dynatrace/dynatrace_oneagent/agent/bin/1.139.241.20180420-095325/any/node/nodejsagent.js:8550:29)
    at Request.<anonymous> (/www/apps/dynatrace/dynatrace_oneagent/agent/bin/1.139.241.20180420-095325/any/node/nodejsagent.js:3920:19)
    at emitOne (events.js:121:20)
    at Request.emit (events.js:211:7)
    at Request.onRequestError (/usr/nodejs/digital_product_ui/package/node_modules/request/request.js:881:8)
    at Object.f.dynatraceRegularInvoke [as doInvoke] (/www/apps/dynatrace/dynatrace_oneagent/agent/bin/1.139.241.20180420-095325/any/node/nodejsagent.js:8475:20)
    at Object.d.safeInvoke (/www/apps/dynatrace/dynatrace_oneagent/agent/bin/1.139.241.20180420-095325/any/node/nodejsagent.js:8550:29)
    at ClientRequest.<anonymous> (/www/apps/dynatrace/dynatrace_oneagent/agent/bin/1.139.241.20180420-095325/any/node/nodejsagent.js:3920:19)
    at emitOne (events.js:121:20)
    at ClientRequest.emit (events.js:211:7)
    at TLSSocket.socketErrorListener (_http_client.js:387:9)
    at Object.f.dynatraceOnServiceExecutionIndicator (/www/apps/dynatrace/dynatrace_oneagent/agent/bin/1.139.241.20180420-095325/any/node/nodejsagent.js:8494:20)
    at Object.d.safeInvoke (/www/apps/dynatrace/dynatrace_oneagent/agent/bin/1.139.241.20180420-095325/any/node/nodejsagent.js:8550:29)
    at TLSSocket.<anonymous> (/www/apps/dynatrace/dynatrace_oneagent/agent/bin/1.139.241.20180420-095325/any/node/nodejsagent.js:3920:19)
    at emitOne (events.js:116:13)
    at TLSSocket.emit (events.js:211:7)
    at emitErrorNT (internal/streams/destroy.js:64:8)
Unhandled rejection RequestError: Error: connect ENETUNREACH 23.72.254.102:443 - Local (0.0.0.0:0)
    at new RequestError (/usr/nodejs/digital_product_ui/package/node_modules/request-promise-core/lib/errors.js:14:15)
    at Request.plumbing.callback (/usr/nodejs/digital_product_ui/package/node_modules/request-promise-core/lib/plumbing.js:87:29)
    at Request.RP$callback [as _callback] (/usr/nodejs/digital_product_ui/package/node_modules/request-promise-core/lib/plumbing.js:46:31)
    at self.callback (/usr/nodejs/digital_product_ui/package/node_modules/request/request.js:185:22)
    at Object.f.dynatraceRegularInvoke [as doInvoke] (/www/apps/dynatrace/dynatrace_oneagent/agent/bin/1.139.241.20180420-095325/any/node/nodejsagent.js:8475:20)
    at Object.d.safeInvoke (/www/apps/dynatrace/dynatrace_oneagent/agent/bin/1.139.241.20180420-095325/any/node/nodejsagent.js:8550:29)
    at Request.<anonymous> (/www/apps/dynatrace/dynatrace_oneagent/agent/bin/1.139.241.20180420-095325/any/node/nodejsagent.js:3920:19)
    at emitOne (events.js:121:20)
    at Request.emit (events.js:211:7)
    at Request.onRequestError (/usr/nodejs/digital_product_ui/package/node_modules/request/request.js:881:8)
    at Object.f.dynatraceRegularInvoke [as doInvoke] (/www/apps/dynatrace/dynatrace_oneagent/agent/bin/1.139.241.20180420-095325/any/node/nodejsagent.js:8475:20)
    at Object.d.safeInvoke (/www/apps/dynatrace/dynatrace_oneagent/agent/bin/1.139.241.20180420-095325/any/node/nodejsagent.js:8550:29)
    at ClientRequest.<anonymous> (/www/apps/dynatrace/dynatrace_oneagent/agent/bin/1.139.241.20180420-095325/any/node/nodejsagent.js:3920:19)
    at emitOne (events.js:121:20)
    at ClientRequest.emit (events.js:211:7)
    at TLSSocket.socketErrorListener (_http_client.js:387:9)
    at Object.f.dynatraceOnServiceExecutionIndicator (/www/apps/dynatrace/dynatrace_oneagent/agent/bin/1.139.241.20180420-095325/any/node/nodejsagent.js:8494:20)
    at Object.d.safeInvoke (/www/apps/dynatrace/dynatrace_oneagent/agent/bin/1.139.241.20180420-095325/any/node/nodejsagent.js:8550:29)
    at TLSSocket.<anonymous> (/www/apps/dynatrace/dynatrace_oneagent/agent/bin/1.139.241.20180420-095325/any/node/nodejsagent.js:3920:19)
    at emitOne (events.js:116:13)
    at TLSSocket.emit (events.js:211:7)
    at emitErrorNT (internal/streams/destroy.js:64:8)
Unhandled rejection RequestError: Error: connect ENETUNREACH 23.72.254.102:443 - Local (0.0.0.0:0)
    at new RequestError (/usr/nodejs/digital_product_ui/package/node_modules/request-promise-core/lib/errors.js:14:15)
    at Request.plumbing.callback (/usr/nodejs/digital_product_ui/package/node_modules/request-promise-core/lib/plumbing.js:87:29)
    at Request.RP$callback [as _callback] (/usr/nodejs/digital_product_ui/package/node_modules/request-promise-core/lib/plumbing.js:46:31)
    at self.callback (/usr/nodejs/digital_product_ui/package/node_modules/request/request.js:185:22)
    at Object.f.dynatraceRegularInvoke [as doInvoke] (/www/apps/dynatrace/dynatrace_oneagent/agent/bin/1.139.241.20180420-095325/any/node/nodejsagent.js:8475:20)
    at Object.d.safeInvoke (/www/apps/dynatrace/dynatrace_oneagent/agent/bin/1.139.241.20180420-095325/any/node/nodejsagent.js:8550:29)
    at Request.<anonymous> (/www/apps/dynatrace/dynatrace_oneagent/agent/bin/1.139.241.20180420-095325/any/node/nodejsagent.js:3920:19)
    at emitOne (events.js:121:20)
    at Request.emit (events.js:211:7)
    at Request.onRequestError (/usr/nodejs/digital_product_ui/package/node_modules/request/request.js:881:8)
    at Object.f.dynatraceRegularInvoke [as doInvoke] (/www/apps/dynatrace/dynatrace_oneagent/agent/bin/1.139.241.20180420-095325/any/node/nodejsagent.js:8475:20)
    at Object.d.safeInvoke (/www/apps/dynatrace/dynatrace_oneagent/agent/bin/1.139.241.20180420-095325/any/node/nodejsagent.js:8550:29)
    at ClientRequest.<anonymous> (/www/apps/dynatrace/dynatrace_oneagent/agent/bin/1.139.241.20180420-095325/any/node/nodejsagent.js:3920:19)
    at emitOne (events.js:121:20)
    at ClientRequest.emit (events.js:211:7)
    at TLSSocket.socketErrorListener (_http_client.js:387:9)
    at Object.f.dynatraceOnServiceExecutionIndicator (/www/apps/dynatrace/dynatrace_oneagent/agent/bin/1.139.241.20180420-095325/any/node/nodejsagent.js:8494:20)
    at Object.d.safeInvoke (/www/apps/dynatrace/dynatrace_oneagent/agent/bin/1.139.241.20180420-095325/any/node/nodejsagent.js:8550:29)
    at TLSSocket.<anonymous> (/www/apps/dynatrace/dynatrace_oneagent/agent/bin/1.139.241.20180420-095325/any/node/nodejsagent.js:3920:19)
    at emitOne (events.js:116:13)
    at TLSSocket.emit (events.js:211:7)
    at emitErrorNT (internal/streams/destroy.js:64:8)
Unhandled rejection RequestError: Error: connect ENETUNREACH 23.72.254.102:443 - Local (0.0.0.0:0)
    at new RequestError (/usr/nodejs/digital_product_ui/package/node_modules/request-promise-core/lib/errors.js:14:15)
    at Request.plumbing.callback (/usr/nodejs/digital_product_ui/package/node_modules/request-promise-core/lib/plumbing.js:87:29)
    at Request.RP$callback [as _callback] (/usr/nodejs/digital_product_ui/package/node_modules/request-promise-core/lib/plumbing.js:46:31)
    at self.callback (/usr/nodejs/digital_product_ui/package/node_modules/request/request.js:185:22)
    at Object.f.dynatraceRegularInvoke [as doInvoke] (/www/apps/dynatrace/dynatrace_oneagent/agent/bin/1.139.241.20180420-095325/any/node/nodejsagent.js:8475:20)
    at Object.d.safeInvoke (/www/apps/dynatrace/dynatrace_oneagent/agent/bin/1.139.241.20180420-095325/any/node/nodejsagent.js:8550:29)
    at Request.<anonymous> (/www/apps/dynatrace/dynatrace_oneagent/agent/bin/1.139.241.20180420-095325/any/node/nodejsagent.js:3920:19)
    at emitOne (events.js:121:20)
    at Request.emit (events.js:211:7)
    at Request.onRequestError (/usr/nodejs/digital_product_ui/package/node_modules/request/request.js:881:8)
    at Object.f.dynatraceRegularInvoke [as doInvoke] (/www/apps/dynatrace/dynatrace_oneagent/agent/bin/1.139.241.20180420-095325/any/node/nodejsagent.js:8475:20)
    at Object.d.safeInvoke (/www/apps/dynatrace/dynatrace_oneagent/agent/bin/1.139.241.20180420-095325/any/node/nodejsagent.js:8550:29)
    at ClientRequest.<anonymous> (/www/apps/dynatrace/dynatrace_oneagent/agent/bin/1.139.241.20180420-095325/any/node/nodejsagent.js:3920:19)
    at emitOne (events.js:121:20)
    at ClientRequest.emit (events.js:211:7)
    at TLSSocket.socketErrorListener (_http_client.js:387:9)
    at Object.f.dynatraceOnServiceExecutionIndicator (/www/apps/dynatrace/dynatrace_oneagent/agent/bin/1.139.241.20180420-095325/any/node/nodejsagent.js:8494:20)
    at Object.d.safeInvoke (/www/apps/dynatrace/dynatrace_oneagent/agent/bin/1.139.241.20180420-095325/any/node/nodejsagent.js:8550:29)
    at TLSSocket.<anonymous> (/www/apps/dynatrace/dynatrace_oneagent/agent/bin/1.139.241.20180420-095325/any/node/nodejsagent.js:3920:19)
    at emitOne (events.js:116:13)
    at TLSSocket.emit (events.js:211:7)
    at emitErrorNT (internal/streams/destroy.js:64:8)"
[___::_]_[]_[_...]_()____:_:________...:,297,[Tue Oct 09 06:04:38 2018] [error] [client 11.126.160.100] (70007)The timeout specified has expired: proxy: error reading status line from remote server 11.120.212.59:8080
[___::_]_[]_[_...]_:________//,1045,[Tue Oct 09 06:04:44 2018] [error] [client 11.126.160.100] proxy: Error reading from remote server returned by /shop/product
[___::_]_[]_[_...]_()_:_:________...:,2732,[Tue Oct 09 06:04:44 2018] [error] [client 11.126.160.100] (20014)Internal error: proxy: error reading status line from remote server 11.120.212.59:8080
"=--_::,||=|=|=-|.....|______:_//////.",26679,"TR=2018-10-09 06:43:24,251|ERROR|RID=|CID=|TID=RxCachedThreadScheduler-627|com.macys.xapi.product.util.FileUtil|File not available in the path : /www/apps/seo/product/99/1608299.html"
